id,symbol,ticker,name
circle-internet-group-ondo-tokenized-stock,crclon,CRCL,Circle Internet Group
micron-technology-ondo-tokenized-stock,muon,MU,Micron Technology
ishares-core-s-p-500-etf-ondo-tokenized-etf,ivvon,IVV,iShares Core S&P 500 ETF
nvidia-ondo-tokenized-stock,nvdaon,NVDA,NVIDIA
spdr-s-p-500-etf-ondo-tokenized-etf,spyon,SPY,SPDR S&P 500 ETF
ishares-bitcoin-trust-ondo-tokenized,ibiton,IBIT,iShares Bitcoin Trust (Ondo Tokenized)
marvell-technology-ondo-tokenized-stock,mrvlon,MRVL,Marvell Technology
invesco-qqq-etf-ondo-tokenized-etf,qqqon,QQQ,Invesco QQQ ETF
ishares-silver-trust-ondo-tokenized-stock,slvon,SLV,iShares Silver Trust
hims-hers-health-ondo-tokenized-stock,himson,HIMS,Hims & Hers Health
tesla-ondo-tokenized-stock,tslaon,TSLA,Tesla
alphabet-class-a-ondo-tokenized-stock,googlon,GOOGL,Alphabet Class A
ishares-20-year-treasury-bond-etf-ondo-tokenized-etf,tlton,TLT,iShares 20+ Year Treasury Bond ETF
ishares-core-msci-eafe-etf-ondo-tokenized-etf,iefaon,IEFA,iShares Core MSCI EAFE ETF
intel-ondo-tokenized-stock,intcon,INTC,Intel
ishares-core-us-aggregate-bond-etf-ondo-tokenized-etf,aggon,AGG,iShares Core US Aggregate Bond ETF
apple-ondo-tokenized-stock,aaplon,AAPL,Apple
ishares-gold-trust-ondo-tokenized-stock,iauon,IAU,iShares Gold Trust
pdd-holdings-ondo-tokenized,pddon,PDD,PDD Holdings (Ondo Tokenized)
sofi-technologies-ondo-tokenized-stock,sofion,SOFI,SoFi Technologies
ishares-core-s-p-total-us-stock-market-etf-ondo-tokenized-etf,itoton,ITOT,iShares Core S&P Total US Stock Market ETF
microstrategy-ondo-tokenized-stock,mstron,MSTR,MicroStrategy
microsoft-ondo-tokenized-stock,msfton,MSFT,Microsoft
ishares-tips-bond-etf-ondo-tokenized-etf,tipon,TIP,iShares TIPS Bond ETF
amd-ondo-tokenized-stock,amdon,AMD,AMD
ishares-msci-eafe-etf-ondo-tokenized-etf,efaon,EFA,iShares MSCI EAFE ETF
arm-holdings-plc-ondo-tokenized-stock,armon,ARM,Arm Holdings plc
taiwan-semiconductor-manufacturing-ondo-tokenized-stock,tsmon,TSM,Taiwan Semiconductor Manufacturing
oracle-ondo-tokenized-stock,orclon,ORCL,Oracle
ishares-core-msci-emerging-markets-etf-ondo-tokenized-etf,iemgon,IEMG,iShares Core MSCI Emerging Markets ETF
ishares-russell-1000-growth-etf-ondo-tokenized-etf,iwfon,IWF,iShares Russell 1000 Growth ETF
sandisk-ondo-tokenized,sndkon,SNDK,SanDisk (Ondo Tokenized)
ishares-msci-emerging-markets-etf-ondo-tokenized-etf,eemon,EEM,iShares MSCI Emerging Markets ETF
nebius-group-ondo-tokenized,nbison,NBIS,Nebius Group (Ondo Tokenized)
coinbase-ondo-tokenized-stock,coinon,COIN,Coinbase
robinhood-markets-ondo-tokenized-stock,hoodon,HOOD,Robinhood Markets
amazon-ondo-tokenized-stock,amznon,AMZN,Amazon
meta-platforms-ondo-tokenized-stock,metaon,META,Meta Platforms
occidental-petroleum-ondo-tokenized,oxyon,OXY,Occidental Petroleum (Ondo Tokenized)
broadcom-ondo-tokenized-stock,avgoon,AVGO,Broadcom
proshares-ultrapro-qqq-ondo-tokenized,tqqqon,TQQQ,ProShares UltraPro QQQ (Ondo Tokenized)
ishares-russell-2000-value-etf-ondo-tokenized-etf,iwnon,IWN,iShares Russell 2000 Value ETF
eli-lilly-ondo-tokenized-stock,llyon,LLY,Eli Lilly
qualcomm-ondo-tokenized-stock,qcomon,QCOM,Qualcomm
palantir-technologies-ondo-tokenized-stock,pltron,PLTR,Palantir Technologies
lockheed-ondo-tokenized-stock,lmton,LMT,Lockheed
ibm-ondo-tokenized-stock,ibmon,IBM,IBM
coca-cola-ondo-tokenized-stock,koon,KO,Coca-Cola
ondas-holdings-ondo-tokenized,ondson,ONDS,Ondas Holdings (Ondo Tokenized)
ishares-russell-2000-etf-ondo-tokenized-etf,iwmon,IWM,iShares Russell 2000 ETF
asml-holding-nv-ondo-tokenized-stock,asmlon,ASML,ASML Holding NV
ishares-0-3-month-treasury-bond-etf-ondo-tokenized-etf,sgovon,SGOV,iShares 0-3 Month Treasury Bond ETF
alibaba-ondo-tokenized-stock,babaon,BABA,Alibaba
pfizer-ondo-tokenized-stock,pfeon,PFE,Pfizer
cisco-systems-ondo-tokenized-stock,cscoon,CSCO,Cisco Systems
ishares-core-s-p-midcap-etf-ondo-tokenized-etf,ijhon,IJH,iShares Core S&P MidCap ETF
procter-gamble-ondo-tokenized-stock,pgon,PG,Procter & Gamble
chevron-ondo-tokenized-stock,cvxon,CVX,Chevron
mcdonald-s-ondo-tokenized-stock,mcdon,MCD,McDonald's
united-states-oil-fund-ondo-tokenized,usoon,USO,United States Oil Fund (Ondo Tokenized)
jpmorgan-chase-ondo-tokenized-stock,jpmon,JPM,JPMorgan Chase
servicenow-ondo-tokenized-stock,nowon,NOW,ServiceNow
walmart-ondo-tokenized-stock,wmton,WMT,Walmart
global-x-copper-miners-etf-ondo-tokenized-etf,copxon,COPX,Global X Copper Miners ETF
novo-nordisk-ondo-tokenized-stock,nvoon,NVO,Novo Nordisk
super-micro-computer-ondo-tokenized-stock,smcion,SMCI,Super Micro Computer
pepsico-ondo-tokenized-stock,pepon,PEP,PepsiCo
petrobras-ondo-tokenized-stock,pbron,PBR,Petrobras
iren-ondo-tokenized-stock,irenon,IREN,IREN
palo-alto-networks-ondo-tokenized-stock,panwon,PANW,Palo Alto Networks
starbucks-ondo-tokenized-stock,sbuxon,SBUX,Starbucks
toyota-ondo-tokenized-stock,tmon,TM,Toyota
visa-ondo-tokenized-stock,von,V,Visa
blackrock-inc-ondo-tokenized-stock,blkon,BLK,"Blackrock, Inc."
equinix-ondo-tokenized-stock,eqixon,EQIX,Equinix
linde-plc-ondo-tokenized-stock,linon,LIN,Linde plc
coherent-ondo-tokenized,cohron,COHR,Coherent (Ondo Tokenized)
general-electric-ondo-tokenized-stock,geon,GE,General Electric
coreweave-ondo-tokenized,crwvon,CRWV,CoreWeave (Ondo Tokenized)
baidu-ondo-tokenized-stock,biduon,BIDU,Baidu
unitedhealth-ondo-tokenized-stock,unhon,UNH,UnitedHealth
adobe-ondo-tokenized-stock,adbeon,ADBE,Adobe
snowflake-ondo-tokenized-stock,snowon,SNOW,Snowflake
proshares-ultrapro-short-qqq-ondo-tokenized,sqqqon,SQQQ,ProShares UltraPro Short QQQ (Ondo Tokenized)
nike-ondo-tokenized-stock,nkeon,NKE,Nike
ishares-msci-south-korea-etf-ondo-tokenized,ewyon,EWY,iShares MSCI South Korea ETF (Ondo Tokenized)
boeing-ondo-tokenized-stock,baon,BA,Boeing
goldman-sachs-ondo-tokenized-stock,gson,GS,Goldman Sachs
abbott-ondo-tokenized-stock,abton,ABT,Abbott
costco-ondo-tokenized-stock,coston,COST,Costco
wells-fargo-ondo-tokenized-stock,wfcon,WFC,Wells Fargo
airbnb-ondo-tokenized-stock,abnbon,ABNB,Airbnb
salesforce-ondo-tokenized-stock,crmon,CRM,Salesforce
jd-com-ondo-tokenized-stock,jdon,JD,JD.com
d-wave-quantum-ondo-tokenized-stock,qbtson,QBTS,D-Wave Quantum
mastercard-ondo-tokenized-stock,maon,MA,Mastercard
oklo-ondo-tokenized,okloon,OKLO,Oklo (Ondo Tokenized)
vertiv-ondo-tokenized,vrton,VRT,Vertiv (Ondo Tokenized)
netflix-ondo-tokenized-stock,nflxon,NFLX,Netflix
paypal-ondo-tokenized-stock,pyplon,PYPL,PayPal
accenture-ondo-tokenized-stock,acnon,ACN,Accenture
franklin-income-equity-focus-etf-ondo-tokenized,inceon,INCE,Franklin Income Equity Focus ETF (Ondo Tokenized)
franklin-us-large-cap-multifactor-index-etf-ondo-tokenized,flqlon,FLQL,Franklin US Large Cap Multifactor Index ETF (Ondo Tokenized)
rocket-lab-ondo-tokenized,rklbon,RKLB,Rocket Lab (Ondo Tokenized)
ast-spacemobile-ondo-tokenized,astson,ASTS,AST SpaceMobile (Ondo Tokenized)
bitmine-immersion-technologies-ondo-tokenized-stocks,bmnron,BMNR,BitMine Immersion Technologies
iboxx-high-yield-corporate-bond-etf-ondo-tokenized-etf,hygon,HYG,iBoxx $ High Yield Corporate Bond ETF
ionq-ondo-tokenized,ionqon,IONQ,IonQ (Ondo Tokenized)
reddit-ondo-tokenized-stock,rddton,RDDT,Reddit
futu-holdings-ondo-tokenized-stock,futuon,FUTU,Futu Holdings
chipotle-ondo-tokenized-stock,cmgon,CMG,Chipotle
american-express-ondo-tokenized-stock,axpon,AXP,American Express
ishares-semiconductor-etf-ondo-tokenized,soxxon,SOXX,iShares Semiconductor ETF (Ondo Tokenized)
s-p-global-ondo-tokenized-stock,spgion,SPGI,S&P Global
disney-ondo-tokenized-stock,dison,DIS,Disney
uber-ondo-tokenized-stock,uberon,UBER,Uber
apollo-global-management-ondo-tokenized-stock,apoon,APO,Apollo Global Management
texas-instruments-ondo-tokenized,txnon,TXN,Texas Instruments (Ondo Tokenized)
intuit-ondo-tokenized-stock,intuon,INTU,Intuit
spdr-gold-shares-ondo-tokenized,gldon,GLD,SPDR Gold Shares (Ondo Tokenized)
trip-com-group-ondo-tokenized-stock,tcomon,TCOM,Trip.com Group
doordash-ondo-tokenized-stock,dashon,DASH,DoorDash
redwire-ondo-tokenized,rdwon,RDW,Redwire (Ondo Tokenized)
enphase-energy-ondo-tokenized,enphon,ENPH,Enphase Energy (Ondo Tokenized)
shopify-ondo-tokenized-stock,shopon,SHOP,Shopify
mercadolibre-ondo-tokenized-stock,melion,MELI,MercadoLibre
eaton-ondo-tokenized,etnon,ETN,Eaton (Ondo Tokenized)
vaneck-rare-earth-and-strategic-metals-etf-ondo-tokenized,remxon,REMX,VanEck Rare Earth and Strategic Metals ETF (Ondo Tokenized)
riot-platforms-ondo-tokenized-stock,rioton,RIOT,Riot Platforms
spotify-ondo-tokenized-stock,spoton,SPOT,Spotify
global-x-uranium-etf-ondo-tokenized,uraon,URA,Global X Uranium ETF (Ondo Tokenized)
mara-holdings-ondo-tokenized-stock,maraon,MARA,MARA Holdings
us-natural-gas-fund-ondo-tokenized,ungon,UNG,US Natural Gas Fund (Ondo Tokenized)
constellation-energy-ondo-tokenized-stock,cegon,CEG,Constellation Energy
franklin-high-yield-corporate-etf-ondo-tokenized,flhyon,FLHY,Franklin High Yield Corporate ETF (Ondo Tokenized)
franklin-focused-growth-etf-ondo-tokenized,ffogon,FFOG,Franklin Focused Growth ETF (Ondo Tokenized)
franklin-responsibly-sourced-gold-etf-ondo-tokenized,fgdlon,FGDL,Franklin Responsibly Sourced Gold ETF (Ondo Tokenized)
gamestop-ondo-tokenized-stock,gmeon,GME,GameStop
mp-materials-ondo-tokenized,mpon,MP,MP Materials (Ondo Tokenized)
rigetti-computing-ondo-tokenized,rgtion,RGTI,Rigetti Computing (Ondo Tokenized)
bitgo-holdings-ondo-tokenized-stock,btgoon,BTGO,BitGo Holdings
sharplink-gaming-inc-ondo-tokenized-stock,sbeton,SBET,"SharpLink Gaming, Inc"
exxon-mobil-ondo-tokenized-stocks,xomon,XOM,Exxon Mobil
vanguard-total-stock-market-etf-ondo-tokenized,vtion,VTI,Vanguard Total Stock Market ETF (Ondo Tokenized)
western-digital-ondo-tokenized,wdcon,WDC,Western Digital (Ondo Tokenized)
oscar-health-ondo-tokenized,oscron,OSCR,Oscar Health (Ondo Tokenized)
applovin-ondo-tokenized-stock,appon,APP,AppLovin
strategy-stretch-preferred-ondo-tokenized,strcon,STRC,Strategy Stretch Preferred (Ondo Tokenized)
figma-ord-shs-ondo-tokenized-stock,figon,FIG,Figma Ord Shs
bilibili-ondo-tokenized-stocks,bilion,BILI,Bilibili
galaxy-digital-ondo-tokenized,glxyon,GLXY,Galaxy Digital (Ondo Tokenized)
abrdn-physical-palladium-shares-etf-ondo-tokenized-stocks,pallon,PALL,abrdn Physical Palladium Shares ETF
vistra-ondo-tokenized,vston,VST,Vistra (Ondo Tokenized)
nio-ondo-tokenized,nioon,NIO,NIO (Ondo Tokenized)
arista-networks-ondo-tokenized-stocks,aneton,ANET,Arista Networks
seagate-ondo-tokenized,stxon,STX,Seagate (Ondo Tokenized)
vanguard-value-etf-ondo-tokenized,vtvon,VTV,Vanguard Value ETF (Ondo Tokenized)
intuitive-machines-ondo-tokenized,lunron,LUNR,Intuitive Machines (Ondo Tokenized)
li-auto-ondo-tokenized,lion,LI,Li Auto (Ondo Tokenized)
amc-entertainment-ondo-tokenized-stocks,amcon,AMC,AMC Entertainment
ge-vernova-ondo-tokenized,gevon,GEV,GE Vernova (Ondo Tokenized)
terawulf-ondo-tokenized,wulfon,WULF,Terawulf (Ondo Tokenized)
applied-materials-ondo-tokenized-stocks,amaton,AMAT,Applied Materials
moderna-ondo-tokenized,mrnaon,MRNA,Moderna (Ondo Tokenized)
kanzhun-ondo-tokenized-stock,bzon,BZ,Kanzhun
caterpillar-ondo-tokenized-stock,caton,CAT,Caterpillar
quantum-computing-ondo-tokenized,qubton,QUBT,Quantum Computing (Ondo Tokenized)
applied-digital-ondo-tokenized,apldon,APLD,Applied Digital (Ondo Tokenized)
intuitive-surgical-ondo-tokenized-stock,isrgon,ISRG,Intuitive Surgical
rivian-automotive-ondo-tokenized,rivnon,RIVN,Rivian Automotive (Ondo Tokenized)
figure-technology-solutions-ondo-tokenized-stock,figron,FIGR,Figure Technology Solutions
freeport-mcmoran-ondo-tokenized,fcxon,FCX,Freeport-McMoRan (Ondo Tokenized)
lam-research-ondo-tokenized,lrcxon,LRCX,Lam Research (Ondo Tokenized)
nextera-energy-ondo-tokenized,neeon,NEE,NextEra Energy (Ondo Tokenized)
invesco-db-commodity-index-tracking-fund-ondo-tokenized-etf,dbcon,DBC,Invesco DB Commodity Index Tracking Fund
kla-ondo-tokenized,klacon,KLAC,KLA (Ondo Tokenized)
bigbear-ai-holdings-ondo-tokenized-stocks,bbaion,BBAI,BigBear.ai Holdings
rtx-ondo-tokenized,rtxon,RTX,RTX (Ondo Tokenized)
solaredge-technologies-ondo-tokenized,sedgon,SEDG,SolarEdge Technologies (Ondo Tokenized)
plug-power-ondo-tokenized,plugon,PLUG,Plug Power (Ondo Tokenized)
uranium-energy-ondo-tokenized,uecon,UEC,Uranium Energy (Ondo Tokenized)
sprott-nickel-miners-etf-ondo-tokenized,niklon,NIKL,Sprott Nickel Miners ETF (Ondo Tokenized)
archer-aviation-ondo-tokenized-stocks,achron,ACHR,Archer Aviation
ishares-msci-brazil-etf-ondo-tokenized,ewzon,EWZ,iShares MSCI Brazil ETF (Ondo Tokenized)
verizon-ondo-tokenized,vzon,VZ,Verizon (Ondo Tokenized)
wisdomtree-floating-rate-treasury-fund-ondo-tokenized,usfron,USFR,WisdomTree Floating Rate Treasury Fund (Ondo Tokenized)
crowdstrike-ondo-tokenized-stocks,crwdon,CRWD,CrowdStrike
grab-holdings-ondo-tokenized-stock,grabon,GRAB,Grab Holdings
kraneshares-csi-china-internet-etf-ondo-tokenized,kwebon,KWEB,KraneShares CSI China Internet ETF (Ondo Tokenized)
southern-copper-ondo-tokenized,sccoon,SCCO,Southern Copper (Ondo Tokenized)
ford-motor-ondo-tokenized-stock,fon,F,Ford Motor
proshares-short-qqq-ondo-tokenized,psqon,PSQ,ProShares Short QQQ (Ondo Tokenized)
ishares-china-large-cap-etf-ondo-tokenized,fxion,FXI,iShares China Large-Cap ETF (Ondo Tokenized)
ishares-flexible-income-active-etf-ondo-tokenized-etf,bincon,BINC,iShares Flexible Income Active ETF
t-mobile-us-ondo-tokenized-stock,tmuson,TMUS,T-Mobile US
home-depot-ondo-tokenized-stock,hdon,HD,Home Depot
invesco-optimum-yld-dvsfd-cmd-str-no-k-1-etf-ondo-tokenized-etf,pdbcon,PDBC,Invesco Optimum Yld Dvsfd Cmd Str No K-1 ETF
abbvie-ondo-tokenized-stock,abbvon,ABBV,AbbVie
first-trust-global-tactical-commodity-strategy-fund-ondo-tokenized-stock,ftgcon,FTGC,First Trust Global Tactical Commodity Strategy Fund
us-brent-oil-fund-ondo-tokenized,bnoon,BNO,US Brent Oil Fund (Ondo Tokenized)
soundhound-ai-ondo-tokenized,sounon,SOUN,SoundHound AI (Ondo Tokenized)
bullish-ondo-tokenized-stocks,blshon,BLSH,Bullish
amgen-ondo-tokenized-stocks,amgnon,AMGN,Amgen
first-trust-nasdaq-cybersecurity-etf-ondo-tokenized,cibron,CIBR,First Trust NASDAQ Cybersecurity ETF (Ondo Tokenized)
conocophillips-ondo-tokenized-stocks,copon,COP,ConocoPhillips
denison-mines-ondo-tokenized-stocks,dnnon,DNN,Denison Mines
ishares-1-3-year-treasury-bond-etf-ondo-tokenized,shyon,SHY,iShares 1-3 Year Treasury Bond ETF (Ondo Tokenized)
gemini-space-station-ondo-tokenized-stock,gemion,GEMI,Gemini Space Station
waste-management-ondo-tokenized,wmon,WM,Waste Management (Ondo Tokenized)
on-semiconductor-ondo-tokenized,onon,ON,ON Semiconductor (Ondo Tokenized)
pinterest-ondo-tokenized,pinson,PINS,Pinterest (Ondo Tokenized)
snap-ondo-tokenized,snapon,SNAP,Snap (Ondo Tokenized)
analog-devices-ondo-tokenized-stocks,adion,ADI,Analog Devices
ishares-msci-india-etf-ondo-tokenized,indaon,INDA,iShares MSCI India ETF (Ondo Tokenized)
janus-henderson-aaa-clo-etf-ondo-tokenized-etf,jaaaon,JAAA,Janus Henderson AAA CLO ETF
opendoor-technologies-ondo-tokenized,openon,OPEN,Opendoor Technologies (Ondo Tokenized)
deere-ondo-tokenized-stocks,deon,DE,Deere
union-pacific-corporation-ondo-tokenized,unpon,UNP,Union Pacific Corporation (Ondo Tokenized)
global-x-us-infrastructure-development-etf-ondo-tokenized,paveon,PAVE,Global X US Infrastructure Development ETF (Ondo Tokenized)
abrdn-physical-precious-metals-basket-shares-etf-ondo-tokenized,gltron,GLTR,abrdn Physical Precious Metals Basket Shares ETF (Ondo Tokenized)
johnson-johnson-ondo-tokenized-stock,jnjon,JNJ,Johnson & Johnson
southern-ondo-tokenized-stock,soon,SO,Southern
ishares-us-aerospace-and-defense-etf-ondo-tokenized,itaon,ITA,iShares US Aerospace and Defense ETF (Ondo Tokenized)
wisdomtree-us-quality-dividend-growth-fund-ondo-tokenized,dgrwon,DGRW,WisdomTree US Quality Dividend Growth Fund (Ondo Tokenized)
american-airlines-group-ondo-tokenized-stocks,aalon,AAL,American Airlines Group
northrop-grumman-ondo-tokenized,nocon,NOC,Northrop Grumman (Ondo Tokenized)
ishares-msci-chile-etf-ondo-tokenized,echon,ECH,iShares MSCI Chile ETF (Ondo Tokenized)
vinfast-auto-ondo-tokenized,vfson,VFS,VinFast Auto (Ondo Tokenized)
bank-of-america-ondo-tokenized-stocks,bacon,BAC,Bank of America
ishares-msci-japan-etf-ondo-tokenized,ewjon,EWJ,iShares MSCI Japan ETF (Ondo Tokenized)
enlivex-therapeutics-ondo-tokenized,enlvon,ENLV,Enlivex Therapeutics (Ondo Tokenized)
cipher-mining-ondo-tokenized-stock,cifron,CIFR,Cipher Mining
talen-energy-ondo-tokenized-stock,tlnon,TLN,Talen Energy
lowe-s-ondo-tokenized,lowon,LOW,Lowe's (Ondo Tokenized)
b2gold-ondo-tokenized-stocks,btgon,BTG,B2Gold
netease-ondo-tokenized,nteson,NTES,NetEase (Ondo Tokenized)
merck-ondo-tokenized,mrkon,MRK,Merck (Ondo Tokenized)
atnt-ondo-tokenized-stock,ton,T,AT&T
thermo-fisher-scientific-ondo-tokenized-stock,tmoon,TMO,Thermo Fisher Scientific
carvana-ondo-tokenized-stocks,cvnaon,CVNA,Carvana
citigroup-ondo-tokenized-stock,con,C,Citigroup
block-ondo-tokenized-stocks,xyzon,XYZ,Block
capital-one-ondo-tokenized-stock,cofon,COF,Capital One
mastec-ondo-tokenized,mtzon,MTZ,MasTec (Ondo Tokenized)
ishares-7-10-year-treasury-bond-etf-ondo-tokenized,iefon,IEF,iShares 7-10 Year Treasury Bond ETF (Ondo Tokenized)
abrdn-physical-platinum-shares-etf-ondo-tokenized,pplton,PPLT,abrdn Physical Platinum Shares ETF (Ondo Tokenized)
vanguard-real-estate-etf-ondo-tokenized,vnqon,VNQ,Vanguard Real Estate ETF (Ondo Tokenized)
exodus-movement-ondo-tokenized,exodon,EXOD,Exodus Movement (Ondo Tokenized)
albemarle-ondo-tokenized,albon,ALB,Albemarle (Ondo Tokenized)
pg-e-ondo-tokenized,pcgon,PCG,PG&E (Ondo Tokenized)
